{"adaptation_loss":2.608503222465515,"mean_decoder_test_loss":0,"mean_decoder_loss_student":0,"command_area_pronk":0.05668934240362812,"mean_adaptation_module_test_loss":2.6667267322540282,"curriculum_info_iteration":0,"mean_decoder_test_loss_student":0,"min_command_offset":0,"max_command_offset":0.5,"min_command_freq":2.0008275508880615,"rew_orientation":-2.895069122314453,"rew_jump":-0.37087467312812805,"max_command_freq":3.9968905448913574,"min_command_yaw_vel":-1.1903303861618042,"rew_raibert_heuristic":-3.040309190750122,"min_action":-3.959498643875122,"_runtime":18.756485184,"max_action":4.3547163009643555,"rew_action_rate":-0.3709561228752136,"command_area_trot":0.05668934240362812,"rew_collision":-1.0090910196304321,"_timestamp":1.7270289550208447e+09,"_wandb":{"runtime":18},"mean_decoder_loss":0,"max_command_phase":0.5,"command_area_pace":0.05668934240362812,"_step":4,"rew_action_smoothness_2":-0.5133991241455078,"min_command_x_vel":-1.1904656887054443,"rew_dof_pos_limits":-1.4006441831588745,"min_command_bound":0,"mean_surrogate_loss":-0.015265624539460987,"min_command_phase":0,"rew_orientation_control":-32.994049072265625,"rew_feet_slip":-0.015431743115186691,"time_elapsed":18.75489616394043,"max_command_yaw_vel":1.1902434825897217,"mean_value_loss":0.00010895593804889358,"max_command_duration":0.5,"rew_feet_clearance_cmd_linear":-1.9866759777069092,"rew_tracking_lin_vel":0.2571399211883545,"max_command_swing_height":0.34999531507492065,"min_command_duration":0.5,"rew_tracking_ang_vel":0.25242850184440613,"rew_action_smoothness_1":-0.17267471551895142,"rew_ang_vel_xy":-0.017408758401870728,"rew_torques":-0.24019044637680054,"max_command_y_vel":0.5999793410301208,"rew_lin_vel_z":-0.006695335265249014,"min_command_y_vel":-0.5995034575462341,"rew_total":0.0014155706157907844,"max_command_x_vel":1.1899913549423218,"time_iter":0.8145291805267334,"rew_dof_vel":-0.026200324296951294,"command_area_bound":0.05668934240362812,"max_command_bound":0.5,"min_command_swing_height":0.030141262337565422,"rew_dof_acc":-0.27864623069763184}