{"rew_ang_vel_xy":-0.01763594150543213,"min_command_phase":0,"max_command_freq":3.9990227222442627,"max_command_bound":0.5,"rew_feet_clearance_cmd_linear":-1.8987960815429688,"mean_decoder_loss_student":0,"curriculum_info_iteration":0,"min_command_y_vel":-0.5996055006980896,"rew_tracking_lin_vel":0.31872060894966125,"time_elapsed":18.82169771194458,"_timestamp":1.7270292941628208e+09,"rew_torques":-0.20945791900157928,"max_command_yaw_vel":1.188457727432251,"mean_value_loss":6.549723602802259e-05,"command_area_trot":0.05668934240362812,"command_area_bound":0.05668934240362812,"_wandb":{"runtime":18},"rew_total":0.0007935207104310393,"command_area_pace":0.05668934240362812,"time_iter":0.8217175006866455,"rew_dof_vel":-0.025746524333953857,"_runtime":18.82331451,"max_command_phase":0.5,"max_action":3.85762882232666,"rew_feet_slip":-0.016832496970891953,"rew_collision":-0.4236842095851898,"rew_lin_vel_z":-0.006890378426760435,"mean_surrogate_loss":-0.013192805228754878,"max_command_offset":0.5,"rew_orientation":-2.842489242553711,"rew_dof_acc":-0.26954007148742676,"rew_action_smoothness_2":-0.4497128427028656,"adaptation_loss":2.8386566996574403,"min_command_yaw_vel":-1.1896077394485474,"rew_jump":-0.2603638470172882,"min_command_bound":0,"mean_adaptation_module_test_loss":2.8669039607048035,"rew_tracking_ang_vel":0.1920967996120453,"min_command_duration":0.5,"_step":4,"max_command_x_vel":1.1899149417877197,"max_command_y_vel":0.5984020233154297,"rew_raibert_heuristic":-2.5706732273101807,"mean_decoder_test_loss":0,"mean_decoder_loss":0,"min_command_freq":2.000612497329712,"rew_action_smoothness_1":-0.15221238136291504,"mean_decoder_test_loss_student":0,"rew_orientation_control":-32.6547966003418,"min_command_offset":0,"min_command_x_vel":-1.19015371799469,"max_command_duration":0.5,"min_command_swing_height":0.030057208612561226,"rew_dof_pos_limits":-1.2085351943969727,"rew_action_rate":-0.3325059115886688,"min_action":-4.683304309844971,"max_command_swing_height":0.3498799502849579,"command_area_pronk":0.05668934240362812}