{"adaptation_loss":2.8144174814224243,"max_action":4.196906089782715,"max_command_x_vel":1.1881829500198364,"rew_total":0.0016318841371685266,"min_command_yaw_vel":-1.1903910636901855,"rew_action_smoothness_1":-0.18261538445949554,"time_iter":0.8108532428741455,"rew_tracking_ang_vel":0.22303198277950287,"max_command_yaw_vel":1.1896294355392456,"rew_dof_pos_limits":-1.4117825031280518,"min_command_freq":2.000168800354004,"rew_feet_slip":-0.021092507988214493,"command_area_pronk":0.05668934240362812,"rew_action_smoothness_2":-0.5454806685447693,"command_area_bound":0.05668934240362812,"min_command_duration":0.5,"mean_adaptation_module_test_loss":2.8990158677101134,"mean_surrogate_loss":-0.016763377332245,"time_elapsed":18.62308168411255,"max_command_bound":0.5,"rew_ang_vel_xy":-0.017967063933610916,"min_command_bound":0,"rew_jump":-0.2298474907875061,"rew_action_rate":-0.39332252740859985,"min_command_phase":0,"command_area_pace":0.05668934240362812,"rew_collision":-0.8230769634246826,"rew_dof_acc":-0.2955428659915924,"rew_dof_vel":-0.027737783268094063,"rew_raibert_heuristic":-3.19008731842041,"mean_decoder_test_loss_student":0,"_wandb":{"runtime":18},"min_command_swing_height":0.030047930777072906,"curriculum_info_iteration":0,"rew_torques":-0.23899847269058228,"_runtime":18.624634986,"rew_orientation_control":-34.9094123840332,"mean_decoder_loss_student":0,"min_command_y_vel":-0.599471926689148,"_timestamp":1.7270285354124584e+09,"max_command_offset":0.5,"max_command_swing_height":0.34999531507492065,"max_command_phase":0.5,"mean_decoder_loss":0,"rew_orientation":-3.1318631172180176,"rew_feet_clearance_cmd_linear":-2.255976676940918,"max_command_duration":0.5,"rew_tracking_lin_vel":0.4206508994102478,"min_command_offset":0,"max_command_freq":3.9994802474975586,"max_command_y_vel":0.5994135737419128,"command_area_trot":0.05668934240362812,"min_command_x_vel":-1.1899226903915405,"rew_lin_vel_z":-0.007163915783166885,"mean_value_loss":0.0003503178457322065,"mean_decoder_test_loss":0,"min_action":-4.50166654586792,"_step":4}