{"rew_action_rate":-3.3620715141296387,"rew_collision":-3.1809539794921875,"adaptation_loss":1.7065853595733642,"min_command_y_vel":-0.5998151898384094,"max_command_offset":0.5,"max_command_x_vel":1.1904313564300537,"rew_torques":-1.1482203006744385,"min_action":-6.713915824890137,"mean_decoder_loss_student":0,"rew_dof_pos_limits":-5.71380615234375,"time_iter":0.8268604278564453,"min_command_yaw_vel":-1.1903858184814453,"rew_total":0.00047758372966200113,"rew_action_smoothness_1":-1.5435184240341187,"mean_value_loss":3.7713858910137786e-05,"max_command_freq":3.9988667964935303,"min_command_freq":2.0001022815704346,"max_command_duration":0.5,"min_command_phase":0,"mean_decoder_loss":0,"rew_feet_clearance_cmd_linear":-4.737090587615967,"rew_orientation_control":-143.59593200683594,"min_command_bound":0,"rew_dof_acc":-1.876305341720581,"mean_decoder_test_loss":0,"min_command_offset":0,"_step":99,"min_command_x_vel":-1.1901041269302368,"rew_ang_vel_xy":-0.03884120285511017,"max_action":7.158713340759277,"mean_surrogate_loss":-0.022783263080054895,"_runtime":335.968834969,"max_command_phase":0.5,"command_area_trot":0.05668934240362812,"command_area_pronk":0.05668934240362812,"rew_tracking_lin_vel":1.382813572883606,"rew_feet_slip":-0.20591861009597778,"mean_adaptation_module_test_loss":1.7774134576320648,"max_command_y_vel":0.5998870134353638,"min_command_swing_height":0.0300992950797081,"max_command_yaw_vel":1.1889314651489258,"rew_jump":-0.8854728937149048,"command_area_bound":0.05668934240362812,"max_command_bound":0.5,"time_elapsed":335.96719121932983,"iterations":90,"rew_dof_vel":-0.16921955347061157,"rew_orientation":-9.02991008758545,"max_command_swing_height":0.34997907280921936,"mean_decoder_test_loss_student":0,"timesteps":8736000,"min_command_duration":0.5,"rew_raibert_heuristic":-11.482304573059082,"rew_action_smoothness_2":-4.606160640716553,"curriculum_info_iteration":0,"command_area_pace":0.05668934240362812,"rew_tracking_ang_vel":0.9724010229110718,"_timestamp":1.727014919069181e+09,"rew_lin_vel_z":-0.006976529490202665,"_wandb":{"runtime":335}}