{"max_command_yaw_vel":1.1889406442642212,"min_command_freq":2.000044345855713,"min_command_offset":0,"min_command_phase":0,"rew_lin_vel_z":-0.0014850866282358766,"command_area_bound":0.05668934240362812,"max_command_offset":0.5,"max_command_phase":0.5,"_timestamp":1.7270143867352245e+09,"min_command_bound":0,"rew_action_smoothness_2":-0.13118134438991547,"rew_orientation_control":-3.0168161392211914,"max_command_duration":0.5,"rew_action_smoothness_1":-0.04915279150009155,"rew_tracking_lin_vel":0.002264377661049366,"rew_feet_slip":-0.01397171150892973,"min_command_y_vel":-0.5998987555503845,"rew_collision":-0.09999999403953552,"max_command_bound":0.5,"min_command_x_vel":-1.1878690719604492,"_wandb":{"runtime":5},"rew_raibert_heuristic":-0.488725483417511,"max_command_x_vel":1.1903218030929565,"max_command_freq":3.9999706745147705,"curriculum_info_iteration":0,"rew_dof_acc":-0.08682994544506073,"command_area_pronk":0.05668934240362812,"rew_tracking_ang_vel":0.11586776375770569,"rew_dof_vel":-0.010870076715946198,"min_command_swing_height":0.0300973542034626,"max_command_swing_height":0.3498436212539673,"min_command_yaw_vel":-1.1901805400848389,"rew_feet_clearance_cmd_linear":-0.27687451243400574,"rew_action_rate":-0.10794803500175476,"rew_torques":-0.07601451128721237,"rew_orientation":-0.24322816729545593,"rew_jump":-0.17417922616004944,"rew_ang_vel_xy":-0.003940001130104065,"rew_dof_pos_limits":-0.3851836025714874,"max_command_y_vel":0.5995053648948669,"_step":0,"max_action":4.351150035858154,"_runtime":4.523293291,"command_area_pace":0.05668934240362812,"rew_total":0.0033158063888549805,"min_command_duration":0.5,"min_action":-4.034261703491211,"command_area_trot":0.05668934240362812}