{"rew_dof_vel":-0.012078922241926193,"rew_raibert_heuristic":-0.5156417489051819,"_runtime":5.032848395,"min_command_bound":0,"command_area_bound":0.05668934240362812,"min_command_swing_height":0.03000709041953087,"rew_tracking_ang_vel":0.02611793391406536,"max_action":3.998154878616333,"command_area_trot":0.05668934240362812,"min_command_x_vel":-1.1901805400848389,"rew_dof_pos_limits":-0.42613154649734497,"max_command_duration":0.5,"min_command_offset":0,"max_command_y_vel":0.5994135737419128,"max_command_swing_height":0.34971630573272705,"rew_orientation_control":-2.5824949741363525,"rew_jump":-0.017985481768846512,"rew_tracking_lin_vel":0.003421518485993147,"_timestamp":1.7270142230448506e+09,"min_action":-3.9039254188537598,"min_command_y_vel":-0.5996349453926086,"max_command_yaw_vel":1.1899913549423218,"_wandb":{"runtime":5},"rew_action_smoothness_2":-0.16149047017097473,"rew_total":4.9726142606232315e-05,"min_command_phase":0,"min_command_yaw_vel":-1.190139889717102,"rew_dof_acc":-0.10690758377313614,"rew_orientation":-0.44013988971710205,"rew_action_smoothness_1":-0.05421983450651169,"command_area_pace":0.05668934240362812,"rew_ang_vel_xy":-0.0036912932991981506,"rew_torques":-0.079784095287323,"max_command_freq":3.9999706745147705,"max_command_bound":0.5,"max_command_phase":0.5,"_step":0,"max_command_x_vel":1.1896425485610962,"rew_feet_slip":-0.002322110813111067,"min_command_duration":0.5,"max_command_offset":0.5,"min_command_freq":2.0003576278686523,"rew_feet_clearance_cmd_linear":-0.8423882126808167,"rew_lin_vel_z":-0.0037260386161506176,"curriculum_info_iteration":0,"rew_action_rate":-0.11090163886547089,"command_area_pronk":0.05668934240362812,"rew_collision":-1.3000000715255737}