{"rew_torques":-0.2301730215549469,"min_command_swing_height":0.03021155670285225,"command_area_pace":0.05668934240362812,"max_command_bound":0.5,"rew_tracking_ang_vel":0.20890147984027863,"command_area_trot":0.05668934240362812,"curriculum_info_iteration":0,"min_command_x_vel":-1.189591884613037,"mean_surrogate_loss":-0.013700912467538729,"rew_action_smoothness_1":-0.16924487054347992,"rew_collision":-0.7576923370361328,"min_command_offset":0,"max_command_swing_height":0.3498436212539673,"min_command_duration":0.5,"min_command_phase":0,"time_iter":0.8206384181976318,"mean_decoder_loss_student":0,"mean_decoder_loss":0,"_wandb":{"runtime":18},"rew_orientation_control":-33.1118049621582,"max_command_x_vel":1.1901336908340454,"mean_adaptation_module_test_loss":2.8375524282455444,"_runtime":18.965168509,"rew_total":0.0007081142393872142,"min_command_y_vel":-0.5998987555503845,"mean_decoder_test_loss_student":0,"min_command_freq":2.000044345855713,"rew_tracking_lin_vel":0.20413734018802643,"rew_ang_vel_xy":-0.01642138697206974,"mean_decoder_test_loss":0,"rew_feet_clearance_cmd_linear":-1.8065215349197388,"max_command_duration":0.5,"rew_orientation":-2.699540138244629,"rew_lin_vel_z":-0.006454488728195429,"rew_dof_vel":-0.02568596415221691,"rew_action_rate":-0.3676259219646454,"command_area_pronk":0.05668934240362812,"max_command_phase":0.5,"rew_action_smoothness_2":-0.4998888671398163,"max_action":4.614733695983887,"rew_dof_acc":-0.2643953561782837,"time_elapsed":18.963420152664185,"rew_jump":-0.20184099674224854,"max_command_yaw_vel":1.18887197971344,"adaptation_loss":2.772901511192322,"mean_value_loss":0.00010686689565773123,"min_action":-4.354620933532715,"rew_raibert_heuristic":-2.722386598587036,"min_command_bound":0,"max_command_y_vel":0.5989336967468262,"min_command_yaw_vel":-1.1903910636901855,"rew_feet_slip":-0.02199963480234146,"_step":4,"_timestamp":1.7270215676451895e+09,"max_command_offset":0.5,"max_command_freq":3.9992496967315674,"command_area_bound":0.05668934240362812,"rew_dof_pos_limits":-1.3398219347000122}