{"rew_dof_pos_limits":-0.2956051826477051,"rew_feet_slip":-0.006993422284722328,"rew_jump":-0.017058435827493668,"command_area_trot":0.05668934240362812,"min_command_x_vel":-1.1903303861618042,"max_command_yaw_vel":1.1889070272445679,"_timestamp":1.7270143119914901e+09,"rew_action_smoothness_1":-0.043001074343919754,"rew_orientation":-0.6538375020027161,"max_command_bound":0.5,"max_command_y_vel":0.5999824404716492,"rew_action_rate":-0.09806416928768158,"command_area_pronk":0.05668934240362812,"rew_feet_clearance_cmd_linear":-0.2054547667503357,"rew_dof_vel":-0.011919504962861538,"command_area_pace":0.05668934240362812,"max_command_offset":0.5,"rew_raibert_heuristic":-0.8127059936523438,"rew_total":3.117944288533181e-06,"_wandb":{"runtime":5},"curriculum_info_iteration":0,"max_command_x_vel":1.1891257762908936,"rew_torques":-0.06580810993909836,"rew_orientation_control":-6.42059850692749,"rew_lin_vel_z":-0.0025596178602427244,"command_area_bound":0.05668934240362812,"_step":0,"rew_dof_acc":-0.09621710330247879,"max_command_duration":0.5,"max_action":4.075713157653809,"rew_ang_vel_xy":-0.005423979368060827,"min_command_duration":0.5,"max_command_swing_height":0.3498436212539673,"_runtime":4.583508776,"rew_tracking_ang_vel":0.008329424075782299,"min_command_yaw_vel":-1.189770221710205,"rew_action_smoothness_2":-0.11956455558538437,"max_command_freq":3.999255895614624,"min_command_phase":0,"max_command_phase":0.5,"min_action":-4.756141662597656,"min_command_swing_height":0.0300973542034626,"rew_collision":-1.6000001430511475,"min_command_bound":0,"min_command_offset":0,"rew_tracking_lin_vel":0.13283564150333405,"min_command_y_vel":-0.5998987555503845,"min_command_freq":2.000044345855713}